currency,plan,sek_base_monthly,exact_fx_reference_2026-09-26,fixed_monthly,difference_percent,fixed_yearly_10_months
SEK,starter,299,299,299,0.0,2990
SEK,growth,599,599,599,0.0,5990
SEK,pro,999,999,999,0.0,9990
USD,starter,299,30.15,29,-3.814,290
USD,growth,599,60.4,59,-2.318,590
USD,pro,999,100.74,99,-1.727,990
EUR,starter,299,26.48,27,1.964,270
EUR,growth,599,53.06,53,-0.113,530
EUR,pro,999,88.49,89,0.576,890
GBP,starter,299,22.79,23,0.921,230
GBP,growth,599,45.65,46,0.767,460
GBP,pro,999,76.14,76,-0.184,760
NOK,starter,299,287.08,289,0.669,2890
NOK,growth,599,575.12,579,0.675,5790
NOK,pro,999,959.18,959,-0.019,9590
DKK,starter,299,197.98,199,0.515,1990
DKK,growth,599,396.62,399,0.6,3990
DKK,pro,999,661.47,659,-0.373,6590
PLN,starter,299,115.78,119,2.781,1190
PLN,growth,599,231.95,229,-1.272,2290
PLN,pro,999,386.84,389,0.558,3890
TRY,starter,299,1477.72,1499,1.44,14990
TRY,growth,599,2960.38,2999,1.305,29990
TRY,pro,999,4937.26,4999,1.25,49990
INR,starter,299,2893.61,2899,0.186,28990
INR,growth,599,5796.9,5799,0.036,57990
INR,pro,999,9667.96,9699,0.321,96990
IDR,starter,299,540987,539000,-0.367,5390000
IDR,growth,599,1083783,1079000,-0.441,10790000
IDR,pro,999,1807510,1799000,-0.471,17990000
JPY,starter,299,4759,4790,0.651,47900
JPY,growth,599,9534,9590,0.587,95900
JPY,pro,999,15901,15900,-0.006,159000
KRW,starter,299,40921,40900,-0.051,409000
KRW,growth,599,81980,81900,-0.098,819000
KRW,pro,999,136724,136900,0.129,1369000
CNY,starter,299,202.73,199,-1.84,1990
CNY,growth,599,406.15,399,-1.76,3990
CNY,pro,999,677.36,679,0.242,6790
THB,starter,299,1006.99,999,-0.793,9990
THB,growth,599,2017.34,1999,-0.909,19990
THB,pro,999,3364.48,3399,1.026,33990
CZK,starter,299,644.74,649,0.661,6490
CZK,growth,599,1291.64,1299,0.57,12990
CZK,pro,999,2154.18,2149,-0.24,21490
RON,starter,299,139.74,139,-0.53,1390
RON,growth,599,279.95,279,-0.339,2790
RON,pro,999,466.89,469,0.452,4690
HUF,starter,299,9674,9690,0.165,96900
HUF,growth,599,19380,19390,0.052,193900
HUF,pro,999,32322,32390,0.21,323900
MYR,starter,299,123.03,123,-0.024,1230
MYR,growth,599,246.48,246,-0.195,2460
MYR,pro,999,411.07,411,-0.017,4110
PHP,starter,299,1886.8,1889,0.117,18890
PHP,growth,599,3779.91,3779,-0.024,37790
PHP,pro,999,6304.05,6299,-0.08,62990
CAD,starter,299,42.71,43,0.679,430
CAD,growth,599,85.56,86,0.514,860
CAD,pro,999,142.7,143,0.21,1430
AUD,starter,299,42.96,43,0.093,430
AUD,growth,599,86.06,86,-0.07,860
AUD,pro,999,143.52,144,0.334,1440
BRL,starter,299,156.49,157,0.326,1570
BRL,growth,599,313.51,314,0.156,3140
BRL,pro,999,522.87,523,0.025,5230
MXN,starter,299,534.48,539,0.846,5390
MXN,growth,599,1070.75,1069,-0.163,10690
MXN,pro,999,1785.78,1789,0.18,17890
CHF,starter,299,25.01,25,-0.04,250
CHF,growth,599,50.11,50,-0.22,500
CHF,pro,999,83.57,84,0.515,840
AED,starter,299,110.72,109,-1.553,1090
AED,growth,599,221.81,219,-1.267,2190
AED,pro,999,369.93,369,-0.251,3690
SAR,starter,299,113.05,113,-0.044,1130
SAR,growth,599,226.48,225,-0.653,2250
SAR,pro,999,377.72,379,0.339,3790
UAH,starter,299,1356.89,1349,-0.581,13490
UAH,growth,599,2718.32,2699,-0.711,26990
UAH,pro,999,4533.56,4499,-0.762,44990
VND,starter,299,783108,779000,-0.525,7790000
VND,growth,599,1568835,1569000,0.011,15690000
VND,pro,999,2616471,2619000,0.097,26190000
RUB,starter,299,2544.75,2549,0.167,25490
RUB,growth,599,5098.0109,5099,0.019,50990
RUB,pro,999,8502.3587,8499,-0.04,84990
